{
  "statistic": 22.621184919210055,
  "p_value": 0.000933805180673686
}